{
  "Encontrar voos" : {
    "transaction" : "Encontrar voos",
    "sampleCount" : 250,
    "errorCount" : 0,
    "errorPct" : 0.0,
    "meanResTime" : 468.584,
    "medianResTime" : 409.0,
    "minResTime" : 253.0,
    "maxResTime" : 1254.0,
    "pct1ResTime" : 760.9,
    "pct2ResTime" : 880.9,
    "pct3ResTime" : 1182.350000000001,
    "throughput" : 98.50275807722616,
    "receivedKBytesPerSec" : 696.9262522163122,
    "sentKBytesPerSec" : 18.565461239164698
  },
  "Consultar Destino" : {
    "transaction" : "Consultar Destino",
    "sampleCount" : 250,
    "errorCount" : 61,
    "errorPct" : 24.4,
    "meanResTime" : 1732.9640000000004,
    "medianResTime" : 1721.5,
    "minResTime" : 821.0,
    "maxResTime" : 3582.0,
    "pct1ResTime" : 2325.9,
    "pct2ResTime" : 2531.3999999999996,
    "pct3ResTime" : 3144.7200000000003,
    "throughput" : 64.21782686873877,
    "receivedKBytesPerSec" : 298.3244164204983,
    "sentKBytesPerSec" : 11.978129816337015
  },
  "Total" : {
    "transaction" : "Total",
    "sampleCount" : 1000,
    "errorCount" : 61,
    "errorPct" : 6.1,
    "meanResTime" : 770.4039999999995,
    "medianResTime" : 446.5,
    "minResTime" : 246.0,
    "maxResTime" : 3582.0,
    "pct1ResTime" : 1825.6999999999998,
    "pct2ResTime" : 2070.5999999999995,
    "pct3ResTime" : 2582.83,
    "throughput" : 48.64286409183772,
    "receivedKBytesPerSec" : 290.9665071079385,
    "sentKBytesPerSec" : 9.215542611148944
  },
  "Pagamento" : {
    "transaction" : "Pagamento",
    "sampleCount" : 250,
    "errorCount" : 0,
    "errorPct" : 0.0,
    "meanResTime" : 449.776,
    "medianResTime" : 348.0,
    "minResTime" : 254.0,
    "maxResTime" : 1685.0,
    "pct1ResTime" : 754.2,
    "pct2ResTime" : 979.6999999999999,
    "pct3ResTime" : 1540.9900000000005,
    "throughput" : 78.1983109164842,
    "receivedKBytesPerSec" : 513.1000498514233,
    "sentKBytesPerSec" : 14.814914372849547
  },
  "Confirmação de Pagamento" : {
    "transaction" : "Confirmação de Pagamento",
    "sampleCount" : 250,
    "errorCount" : 0,
    "errorPct" : 0.0,
    "meanResTime" : 430.2920000000001,
    "medianResTime" : 350.0,
    "minResTime" : 246.0,
    "maxResTime" : 1403.0,
    "pct1ResTime" : 708.0,
    "pct2ResTime" : 875.3999999999996,
    "pct3ResTime" : 1307.1200000000008,
    "throughput" : 74.56009543692215,
    "receivedKBytesPerSec" : 420.85678869668953,
    "sentKBytesPerSec" : 14.41689345362362
  }
}